family,instrument_folder,instrument_name,rank,preset_name,source_type,source_relpath,imported_xml_relpath,selection_score,quality_status,flags,peak_dbfs,rms_dbfs,crest_db,duration_sec,root_tag,slot_count,pad_index,tags
drum,kick_a,Kick A,1,Drum Kick A 01 Kick 808,audio_to_drum_preset,output/drum/presets/kick_808.xml,kick_a/01_kick_808.xml,89.500,pass,,,,,1.838,FactoryPreset,,0,
drum,kick_a,Kick A,2,Drum Kick A 02 Kick Acoustic,audio_to_drum_preset,output/drum/presets/kick_acoustic.xml,kick_a/02_kick_acoustic.xml,89.500,pass,,,,,1.280,FactoryPreset,,0,
drum,kick_a,Kick A,3,Drum Kick A 03 Kick Boomy,audio_to_drum_preset,output/drum/presets/kick_boomy.xml,kick_a/03_kick_boomy.xml,89.500,pass,,,,,1.926,FactoryPreset,,0,
drum,kick_a,Kick A,4,Drum Kick A 04 Kick Punchy,audio_to_drum_preset,output/drum/presets/kick_punchy.xml,kick_a/04_kick_punchy.xml,89.500,pass,,,,,0.919,FactoryPreset,,0,
drum,kick_a,Kick A,5,Drum Kick A 05 Kick Tight,audio_to_drum_preset,output/drum/presets/kick_tight.xml,kick_a/05_kick_tight.xml,89.500,pass,,,,,0.784,FactoryPreset,,0,
drum,kick_a,Kick A,6,Drum Kick A 06 Kick Click,audio_to_drum_preset,output/drum/presets/kick_click.xml,kick_a/06_kick_click.xml,87.500,pass,,,,,0.878,FactoryPreset,,0,
drum,kick_a,Kick A,7,Drum Kick A 07 Kick Deep,audio_to_drum_preset,output/drum/presets/kick_deep.xml,kick_a/07_kick_deep.xml,87.500,pass,,,,,1.396,FactoryPreset,,0,
drum,kick_a,Kick A,8,Drum Kick A 08 Kick Distort,audio_to_drum_preset,output/drum/presets/kick_distort.xml,kick_a/08_kick_distort.xml,87.500,pass,,,,,0.964,FactoryPreset,,0,
drum,kick_b,Kick B,1,Drum Kick B 01 Kick B Accent,audio_to_drum_preset,output/drum/presets/kick_b_accent.xml,kick_b/01_kick_b_accent.xml,89.500,pass,,,,,0.866,FactoryPreset,,1,
drum,kick_b,Kick B,2,Drum Kick B 02 Kick B Analog,audio_to_drum_preset,output/drum/presets/kick_b_analog.xml,kick_b/02_kick_b_analog.xml,89.500,pass,,,,,0.925,FactoryPreset,,1,
drum,kick_b,Kick B,3,Drum Kick B 03 Kick B Attack,audio_to_drum_preset,output/drum/presets/kick_b_attack.xml,kick_b/03_kick_b_attack.xml,89.500,pass,,,,,0.762,FactoryPreset,,1,
drum,kick_b,Kick B,4,Drum Kick B 04 Kick B Boomy,audio_to_drum_preset,output/drum/presets/kick_b_boomy.xml,kick_b/04_kick_b_boomy.xml,89.500,pass,,,,,1.354,FactoryPreset,,1,
drum,kick_b,Kick B,5,Drum Kick B 05 Kick B Clicky,audio_to_drum_preset,output/drum/presets/kick_b_clicky.xml,kick_b/05_kick_b_clicky.xml,89.500,pass,,,,,0.674,FactoryPreset,,1,
drum,kick_b,Kick B,6,Drum Kick B 06 Kick B Fat,audio_to_drum_preset,output/drum/presets/kick_b_fat.xml,kick_b/06_kick_b_fat.xml,89.500,pass,,,,,1.116,FactoryPreset,,1,
drum,kick_b,Kick B,7,Drum Kick B 07 Kick B Hard,audio_to_drum_preset,output/drum/presets/kick_b_hard.xml,kick_b/07_kick_b_hard.xml,89.500,pass,,,,,0.765,FactoryPreset,,1,
drum,kick_b,Kick B,8,Drum Kick B 08 Kick B Pop,audio_to_drum_preset,output/drum/presets/kick_b_pop.xml,kick_b/08_kick_b_pop.xml,89.500,pass,,,,,0.807,FactoryPreset,,1,
drum,snare,Snare,1,Drum Snare 01 Snare 808,audio_to_drum_preset,output/drum/presets/snare_808.xml,snare/01_snare_808.xml,89.500,pass,,,,,0.736,FactoryPreset,,2,
drum,snare,Snare,2,Drum Snare 02 Snare Brush,audio_to_drum_preset,output/drum/presets/snare_brush.xml,snare/02_snare_brush.xml,89.500,pass,,,,,0.991,FactoryPreset,,2,
drum,snare,Snare,3,Drum Snare 03 Snare Crack,audio_to_drum_preset,output/drum/presets/snare_crack.xml,snare/03_snare_crack.xml,89.500,pass,,,,,0.568,FactoryPreset,,2,
drum,snare,Snare,4,Drum Snare 04 Snare Dark,audio_to_drum_preset,output/drum/presets/snare_dark.xml,snare/04_snare_dark.xml,89.500,pass,,,,,0.805,FactoryPreset,,2,
drum,snare,Snare,5,Drum Snare 05 Snare Fat,audio_to_drum_preset,output/drum/presets/snare_fat.xml,snare/05_snare_fat.xml,89.500,pass,,,,,0.785,FactoryPreset,,2,
drum,snare,Snare,6,Drum Snare 06 Snare Pop,audio_to_drum_preset,output/drum/presets/snare_pop.xml,snare/06_snare_pop.xml,89.500,pass,,,,,0.540,FactoryPreset,,2,
drum,snare,Snare,7,Drum Snare 07 Snare Punch,audio_to_drum_preset,output/drum/presets/snare_punch.xml,snare/07_snare_punch.xml,89.500,pass,,,,,0.558,FactoryPreset,,2,
drum,snare,Snare,8,Drum Snare 08 Snare Tight,audio_to_drum_preset,output/drum/presets/snare_tight.xml,snare/08_snare_tight.xml,89.500,pass,,,,,0.483,FactoryPreset,,2,
drum,clap,Clap,1,Drum Clap 01 Clap 808,audio_to_drum_preset,output/drum/presets/clap_808.xml,clap/01_clap_808.xml,89.500,pass,,,,,0.576,FactoryPreset,,3,
drum,clap,Clap,2,Drum Clap 02 Clap Bright,audio_to_drum_preset,output/drum/presets/clap_bright.xml,clap/02_clap_bright.xml,89.500,pass,,,,,0.634,FactoryPreset,,3,
drum,clap,Clap,3,Drum Clap 03 Clap Dry,audio_to_drum_preset,output/drum/presets/clap_dry.xml,clap/03_clap_dry.xml,89.500,pass,,,,,0.523,FactoryPreset,,3,
drum,clap,Clap,4,Drum Clap 04 Clap Fat,audio_to_drum_preset,output/drum/presets/clap_fat.xml,clap/04_clap_fat.xml,89.500,pass,,,,,0.623,FactoryPreset,,3,
drum,clap,Clap,5,Drum Clap 05 Clap Layered,audio_to_drum_preset,output/drum/presets/clap_layered.xml,clap/05_clap_layered.xml,89.500,pass,,,,,0.774,FactoryPreset,,3,
drum,clap,Clap,6,Drum Clap 06 Clap Slap,audio_to_drum_preset,output/drum/presets/clap_slap.xml,clap/06_clap_slap.xml,89.500,pass,,,,,0.487,FactoryPreset,,3,
drum,clap,Clap,7,Drum Clap 07 Clap Snap,audio_to_drum_preset,output/drum/presets/clap_snap.xml,clap/07_clap_snap.xml,89.500,pass,,,,,0.614,FactoryPreset,,3,
drum,clap,Clap,8,Drum Clap 08 Clap Tight,audio_to_drum_preset,output/drum/presets/clap_tight.xml,clap/08_clap_tight.xml,89.500,pass,,,,,0.595,FactoryPreset,,3,
drum,hat_closed,Hat Closed,1,Drum Hat Closed 01 Hh Acid,audio_to_drum_preset,output/drum/presets/hh_acid.xml,hat_closed/01_hh_acid.xml,89.500,pass,,,,,0.402,FactoryPreset,,4,
drum,hat_closed,Hat Closed,2,Drum Hat Closed 02 Hh Bright,audio_to_drum_preset,output/drum/presets/hh_bright.xml,hat_closed/02_hh_bright.xml,89.500,pass,,,,,0.405,FactoryPreset,,4,
drum,hat_closed,Hat Closed,3,Drum Hat Closed 03 Hh Dark,audio_to_drum_preset,output/drum/presets/hh_dark.xml,hat_closed/03_hh_dark.xml,89.500,pass,,,,,0.386,FactoryPreset,,4,
drum,hat_closed,Hat Closed,4,Drum Hat Closed 04 Hh Dry,audio_to_drum_preset,output/drum/presets/hh_dry.xml,hat_closed/04_hh_dry.xml,89.500,pass,,,,,0.369,FactoryPreset,,4,
drum,hat_closed,Hat Closed,5,Drum Hat Closed 05 Hh Fat,audio_to_drum_preset,output/drum/presets/hh_fat.xml,hat_closed/05_hh_fat.xml,89.500,pass,,,,,0.415,FactoryPreset,,4,
drum,hat_closed,Hat Closed,6,Drum Hat Closed 06 Hh Gritty,audio_to_drum_preset,output/drum/presets/hh_gritty.xml,hat_closed/06_hh_gritty.xml,89.500,pass,,,,,0.404,FactoryPreset,,4,
drum,hat_closed,Hat Closed,7,Drum Hat Closed 07 Hh Sizzle,audio_to_drum_preset,output/drum/presets/hh_sizzle.xml,hat_closed/07_hh_sizzle.xml,89.500,pass,,,,,0.454,FactoryPreset,,4,
drum,hat_closed,Hat Closed,8,Drum Hat Closed 08 Hh Tight 2,audio_to_drum_preset,output/drum/presets/hh_tight_2.xml,hat_closed/08_hh_tight_2.xml,89.500,pass,,,,,0.372,FactoryPreset,,4,
drum,hat_open,Hat Open,1,Drum Hat Open 01 Hh Open Bright,audio_to_drum_preset,output/drum/presets/hh_open_bright.xml,hat_open/01_hh_open_bright.xml,89.500,pass,,,,,0.437,FactoryPreset,,5,
drum,hat_open,Hat Open,2,Drum Hat Open 02 Hh Open Dark,audio_to_drum_preset,output/drum/presets/hh_open_dark.xml,hat_open/02_hh_open_dark.xml,89.500,pass,,,,,0.586,FactoryPreset,,5,
drum,hat_open,Hat Open,3,Drum Hat Open 03 Hh Open Fat,audio_to_drum_preset,output/drum/presets/hh_open_fat.xml,hat_open/03_hh_open_fat.xml,89.500,pass,,,,,0.508,FactoryPreset,,5,
drum,hat_open,Hat Open,4,Drum Hat Open 04 Hh Open Long,audio_to_drum_preset,output/drum/presets/hh_open_long.xml,hat_open/04_hh_open_long.xml,89.500,pass,,,,,0.941,FactoryPreset,,5,
drum,hat_open,Hat Open,5,Drum Hat Open 05 Hh Open Loose,audio_to_drum_preset,output/drum/presets/hh_open_loose.xml,hat_open/05_hh_open_loose.xml,89.500,pass,,,,,0.615,FactoryPreset,,5,
drum,hat_open,Hat Open,6,Drum Hat Open 06 Hh Open Short,audio_to_drum_preset,output/drum/presets/hh_open_short.xml,hat_open/06_hh_open_short.xml,89.500,pass,,,,,0.419,FactoryPreset,,5,
drum,hat_open,Hat Open,7,Drum Hat Open 07 Hh Open Sizzle,audio_to_drum_preset,output/drum/presets/hh_open_sizzle.xml,hat_open/07_hh_open_sizzle.xml,89.500,pass,,,,,0.573,FactoryPreset,,5,
drum,hat_open,Hat Open,8,Drum Hat Open 08 Hh Open Wash,audio_to_drum_preset,output/drum/presets/hh_open_wash.xml,hat_open/08_hh_open_wash.xml,89.500,pass,,,,,0.945,FactoryPreset,,5,
drum,perc_1,Perc 1,1,Drum Perc 1 01 Wood Metal,audio_to_drum_preset,output/drum/presets/wood_metal.xml,perc_1/01_wood_metal.xml,91.500,pass,,,,,0.619,FactoryPreset,,6,
drum,perc_1,Perc 1,2,Drum Perc 1 02 Cajon,audio_to_drum_preset,output/drum/presets/cajon.xml,perc_1/02_cajon.xml,89.500,pass,,,,,0.634,FactoryPreset,,6,
drum,perc_1,Perc 1,3,Drum Perc 1 03 Conga,audio_to_drum_preset,output/drum/presets/conga.xml,perc_1/03_conga.xml,89.500,pass,,,,,0.835,FactoryPreset,,6,
drum,perc_1,Perc 1,4,Drum Perc 1 04 Wood Block,audio_to_drum_preset,output/drum/presets/wood_block.xml,perc_1/04_wood_block.xml,89.500,pass,,,,,0.538,FactoryPreset,,6,
drum,perc_1,Perc 1,5,Drum Perc 1 05 Wood Bright,audio_to_drum_preset,output/drum/presets/wood_bright.xml,perc_1/05_wood_bright.xml,89.500,pass,,,,,0.455,FactoryPreset,,6,
drum,perc_1,Perc 1,6,Drum Perc 1 06 Wood Deep,audio_to_drum_preset,output/drum/presets/wood_deep.xml,perc_1/06_wood_deep.xml,89.500,pass,,,,,0.899,FactoryPreset,,6,
drum,perc_1,Perc 1,7,Drum Perc 1 07 Wood Dist,audio_to_drum_preset,output/drum/presets/wood_dist.xml,perc_1/07_wood_dist.xml,89.500,pass,,,,,0.709,FactoryPreset,,6,
drum,perc_1,Perc 1,8,Drum Perc 1 08 Wood Dry,audio_to_drum_preset,output/drum/presets/wood_dry.xml,perc_1/08_wood_dry.xml,89.500,pass,,,,,0.441,FactoryPreset,,6,
drum,perc_2,Perc 2,1,Drum Perc 2 01 Metal Bright,audio_to_drum_preset,output/drum/presets/metal_bright.xml,perc_2/01_metal_bright.xml,91.500,pass,,,,,0.606,FactoryPreset,,7,
drum,perc_2,Perc 2,2,Drum Perc 2 02 Metal Dry,audio_to_drum_preset,output/drum/presets/metal_dry.xml,perc_2/02_metal_dry.xml,91.500,pass,,,,,0.528,FactoryPreset,,7,
drum,perc_2,Perc 2,3,Drum Perc 2 03 Metal Ring,audio_to_drum_preset,output/drum/presets/metal_ring.xml,perc_2/03_metal_ring.xml,91.500,pass,,,,,1.134,FactoryPreset,,7,
drum,perc_2,Perc 2,4,Drum Perc 2 04 Bell Tone,audio_to_drum_preset,output/drum/presets/bell_tone.xml,perc_2/04_bell_tone.xml,89.500,pass,,,,,1.046,FactoryPreset,,7,
drum,perc_2,Perc 2,5,Drum Perc 2 05 Cowbell,audio_to_drum_preset,output/drum/presets/cowbell.xml,perc_2/05_cowbell.xml,89.500,pass,,,,,0.849,FactoryPreset,,7,
drum,perc_2,Perc 2,6,Drum Perc 2 06 Metal Click,audio_to_drum_preset,output/drum/presets/metal_click.xml,perc_2/06_metal_click.xml,89.500,pass,,,,,0.532,FactoryPreset,,7,
drum,perc_2,Perc 2,7,Drum Perc 2 07 Metal Dark,audio_to_drum_preset,output/drum/presets/metal_dark.xml,perc_2/07_metal_dark.xml,89.500,pass,,,,,0.789,FactoryPreset,,7,
drum,perc_2,Perc 2,8,Drum Perc 2 08 Metal Dist,audio_to_drum_preset,output/drum/presets/metal_dist.xml,perc_2/08_metal_dist.xml,89.500,pass,,,,,0.714,FactoryPreset,,7,
drum,tom_low,Tom Low,1,Drum Tom Low 01 Tom Low Acoustic,audio_to_drum_preset,output/drum/presets/tom_low_acoustic.xml,tom_low/01_tom_low_acoustic.xml,89.500,pass,,,,,0.838,FactoryPreset,,8,
drum,tom_low,Tom Low,2,Drum Tom Low 02 Tom Low Analog,audio_to_drum_preset,output/drum/presets/tom_low_analog.xml,tom_low/02_tom_low_analog.xml,89.500,pass,,,,,0.834,FactoryPreset,,8,
drum,tom_low,Tom Low,3,Drum Tom Low 03 Tom Low Boom,audio_to_drum_preset,output/drum/presets/tom_low_boom.xml,tom_low/03_tom_low_boom.xml,89.500,pass,,,,,1.420,FactoryPreset,,8,
drum,tom_low,Tom Low,4,Drum Tom Low 04 Tom Low Deep,audio_to_drum_preset,output/drum/presets/tom_low_deep.xml,tom_low/04_tom_low_deep.xml,89.500,pass,,,,,1.109,FactoryPreset,,8,
drum,tom_low,Tom Low,5,Drum Tom Low 05 Tom Low Fat,audio_to_drum_preset,output/drum/presets/tom_low_fat.xml,tom_low/05_tom_low_fat.xml,89.500,pass,,,,,0.903,FactoryPreset,,8,
drum,tom_low,Tom Low,6,Drum Tom Low 06 Tom Low Punch,audio_to_drum_preset,output/drum/presets/tom_low_punch.xml,tom_low/06_tom_low_punch.xml,89.500,pass,,,,,0.681,FactoryPreset,,8,
drum,tom_low,Tom Low,7,Drum Tom Low 07 Tom Low Resonant,audio_to_drum_preset,output/drum/presets/tom_low_resonant.xml,tom_low/07_tom_low_resonant.xml,89.500,pass,,,,,1.162,FactoryPreset,,8,
drum,tom_low,Tom Low,8,Drum Tom Low 08 Tom Low Tight,audio_to_drum_preset,output/drum/presets/tom_low_tight.xml,tom_low/08_tom_low_tight.xml,89.500,pass,,,,,0.596,FactoryPreset,,8,
drum,tom_high,Tom High,1,Drum Tom High 01 Tom High Acoustic,audio_to_drum_preset,output/drum/presets/tom_high_acoustic.xml,tom_high/01_tom_high_acoustic.xml,89.500,pass,,,,,0.826,FactoryPreset,,9,
drum,tom_high,Tom High,2,Drum Tom High 02 Tom High Analog,audio_to_drum_preset,output/drum/presets/tom_high_analog.xml,tom_high/02_tom_high_analog.xml,89.500,pass,,,,,0.748,FactoryPreset,,9,
drum,tom_high,Tom High,3,Drum Tom High 03 Tom High Big,audio_to_drum_preset,output/drum/presets/tom_high_big.xml,tom_high/03_tom_high_big.xml,89.500,pass,,,,,1.200,FactoryPreset,,9,
drum,tom_high,Tom High,4,Drum Tom High 04 Tom High Bright,audio_to_drum_preset,output/drum/presets/tom_high_bright.xml,tom_high/04_tom_high_bright.xml,89.500,pass,,,,,0.664,FactoryPreset,,9,
drum,tom_high,Tom High,5,Drum Tom High 05 Tom High Crisp,audio_to_drum_preset,output/drum/presets/tom_high_crisp.xml,tom_high/05_tom_high_crisp.xml,89.500,pass,,,,,0.677,FactoryPreset,,9,
drum,tom_high,Tom High,6,Drum Tom High 06 Tom High Fat,audio_to_drum_preset,output/drum/presets/tom_high_fat.xml,tom_high/06_tom_high_fat.xml,89.500,pass,,,,,0.806,FactoryPreset,,9,
drum,tom_high,Tom High,7,Drum Tom High 07 Tom High Punch,audio_to_drum_preset,output/drum/presets/tom_high_punch.xml,tom_high/07_tom_high_punch.xml,89.500,pass,,,,,0.642,FactoryPreset,,9,
drum,tom_high,Tom High,8,Drum Tom High 08 Tom High Tight,audio_to_drum_preset,output/drum/presets/tom_high_tight.xml,tom_high/08_tom_high_tight.xml,89.500,pass,,,,,0.671,FactoryPreset,,9,
drum,crash,Crash,1,Drum Crash 01 Crash Bright,audio_to_drum_preset,output/drum/presets/crash_bright.xml,crash/01_crash_bright.xml,89.500,pass,,,,,0.704,FactoryPreset,,10,
drum,crash,Crash,2,Drum Crash 02 Crash Dark,audio_to_drum_preset,output/drum/presets/crash_dark.xml,crash/02_crash_dark.xml,89.500,pass,,,,,1.049,FactoryPreset,,10,
drum,crash,Crash,3,Drum Crash 03 Crash Fat,audio_to_drum_preset,output/drum/presets/crash_fat.xml,crash/03_crash_fat.xml,89.500,pass,,,,,0.962,FactoryPreset,,10,
drum,crash,Crash,4,Drum Crash 04 Crash Gong,audio_to_drum_preset,output/drum/presets/crash_gong.xml,crash/04_crash_gong.xml,89.500,pass,,,,,2.410,FactoryPreset,,10,
drum,crash,Crash,5,Drum Crash 05 Crash Long,audio_to_drum_preset,output/drum/presets/crash_long.xml,crash/05_crash_long.xml,89.500,pass,,,,,1.838,FactoryPreset,,10,
drum,crash,Crash,6,Drum Crash 06 Crash Sizzle,audio_to_drum_preset,output/drum/presets/crash_sizzle.xml,crash/06_crash_sizzle.xml,89.500,pass,,,,,1.132,FactoryPreset,,10,
drum,crash,Crash,7,Drum Crash 07 Crash Splash,audio_to_drum_preset,output/drum/presets/crash_splash.xml,crash/07_crash_splash.xml,89.500,pass,,,,,0.545,FactoryPreset,,10,
drum,crash,Crash,8,Drum Crash 08 Crash Wash,audio_to_drum_preset,output/drum/presets/crash_wash.xml,crash/08_crash_wash.xml,89.500,pass,,,,,1.958,FactoryPreset,,10,
drum,fx,FX,1,Drum FX 01 Fx Boom,audio_to_drum_preset,output/drum/presets/fx_boom.xml,fx/01_fx_boom.xml,89.500,pass,,,,,0.795,FactoryPreset,,11,
drum,fx,FX,2,Drum FX 02 Fx Glitch,audio_to_drum_preset,output/drum/presets/fx_glitch.xml,fx/02_fx_glitch.xml,89.500,pass,,,,,0.608,FactoryPreset,,11,
drum,fx,FX,3,Drum FX 03 Fx Impact,audio_to_drum_preset,output/drum/presets/fx_impact.xml,fx/03_fx_impact.xml,89.500,pass,,,,,0.667,FactoryPreset,,11,
drum,fx,FX,4,Drum FX 04 Fx Laser,audio_to_drum_preset,output/drum/presets/fx_laser.xml,fx/04_fx_laser.xml,89.500,pass,,,,,0.477,FactoryPreset,,11,
drum,fx,FX,5,Drum FX 05 Fx Metallic,audio_to_drum_preset,output/drum/presets/fx_metallic.xml,fx/05_fx_metallic.xml,89.500,pass,,,,,0.619,FactoryPreset,,11,
drum,fx,FX,6,Drum FX 06 Fx Shimmer,audio_to_drum_preset,output/drum/presets/fx_shimmer.xml,fx/06_fx_shimmer.xml,89.500,pass,,,,,1.310,FactoryPreset,,11,
drum,fx,FX,7,Drum FX 07 Fx Short Zap,audio_to_drum_preset,output/drum/presets/fx_short_zap.xml,fx/07_fx_short_zap.xml,89.500,pass,,,,,0.439,FactoryPreset,,11,
drum,fx,FX,8,Drum FX 08 Fx Sweep,audio_to_drum_preset,output/drum/presets/fx_sweep.xml,fx/08_fx_sweep.xml,89.500,pass,,,,,1.090,FactoryPreset,,11,
